INSERT INTO estatus (estatus_Id, nombre) VALUES (1, 'Activo');
INSERT INTO estatus (estatus_Id, nombre) VALUES (2, 'Inactivo');
INSERT INTO estatus (estatus_Id, nombre) VALUES (3, 'Por confirmar');
INSERT INTO estatus (estatus_Id, nombre) VALUES (4, 'Suspendido');
INSERT INTO estatus (estatus_Id, nombre) VALUES (5, 'Borrado');
INSERT INTO estatus (estatus_Id, nombre) VALUES (6, 'En prueba');
INSERT INTO estatus (estatus_Id, nombre) VALUES (7, 'En mantenimiento');
INSERT INTO estatus (estatus_Id, nombre) VALUES (8, 'Deshabilitado');
INSERT INTO estatus (estatus_Id, nombre) VALUES (9, 'Bloqueado');
INSERT INTO estatus (estatus_Id, nombre) VALUES (10, 'Nuevo');
INSERT INTO estatus (estatus_Id, nombre) VALUES (11, 'Cancelado');
INSERT INTO estatus (estatus_Id, nombre) VALUES (12, 'Finalizado');
INSERT INTO estatus (estatus_Id, nombre) VALUES (13, 'Rechazado');
INSERT INTO estatus (estatus_Id, nombre) VALUES (14, 'Aprobado');
INSERT INTO estatus (estatus_Id, nombre) VALUES (15, 'Pendiente');
INSERT INTO estatus (estatus_Id, nombre) VALUES (16, 'En progreso');
INSERT INTO estatus (estatus_Id, nombre) VALUES (17, 'Terminado');
INSERT INTO estatus (estatus_Id, nombre) VALUES (18, 'Cerrado');
INSERT INTO estatus (estatus_Id, nombre) VALUES (19, 'Abierto');
INSERT INTO estatus (estatus_Id, nombre) VALUES (20, 'Corregido');
INSERT INTO estatus (estatus_Id, nombre) VALUES (21, 'Enviado');

INSERT INTO empresa (empresa_Id, nombre) VALUES (1, 'Empresa 1');
INSERT INTO empresa (empresa_Id, nombre) VALUES (2, 'Empresa 2');
INSERT INTO empresa (empresa_Id, nombre) VALUES (3, 'Empresa 3');
INSERT INTO empresa (empresa_Id, nombre) VALUES (4, 'Empresa 4');
INSERT INTO empresa (empresa_Id, nombre) VALUES (5, 'Empresa 5');
INSERT INTO empresa (empresa_Id, nombre) VALUES (6, 'Empresa 6');
INSERT INTO empresa (empresa_Id, nombre) VALUES (7, 'Empresa 7');
INSERT INTO empresa (empresa_Id, nombre) VALUES (8, 'Empresa 8');
INSERT INTO empresa (empresa_Id, nombre) VALUES (9, 'Empresa 9');

INSERT INTO contacto (contacto_id, nombre, apellidos, empresa_Id, estatus_Id, email) VALUES (1, 'Juan', 'Pérez', 1, 1, 'juan.perez@empresa1.com');
INSERT INTO contacto (contacto_id, nombre, apellidos, empresa_Id, estatus_Id, email) VALUES (2, 'Ana', 'Gómez', 1, 1, 'ana.gomez@empresa1.com');
INSERT INTO contacto (contacto_id, nombre, apellidos, empresa_Id, estatus_Id, email) VALUES (3, 'Maria', 'García', 2, 2, 'maria.garcia@empresa2.com');
INSERT INTO contacto (contacto_id, nombre, apellidos, empresa_Id, estatus_Id, email) VALUES (4, 'Pedro', 'Rodríguez', 2, 2, 'pedro.rodriguez@empresa2.com');
INSERT INTO contacto (contacto_id, nombre, apellidos, empresa_Id, estatus_Id, email) VALUES (5, 'Laura', 'Martínez', 3, 3, 'laura.martinez@empresa3.com');
INSERT INTO contacto (contacto_id, nombre, apellidos, empresa_Id, estatus_Id, email) VALUES (6, 'Carlos', 'López', 3, 3, 'carlos.lopez@empresa3.com');
INSERT INTO contacto (contacto_id, nombre, apellidos, empresa_Id, estatus_Id, email) VALUES (7, 'Sofía', 'Hernández', 4, 4, 'sofia.hernandez@empresa4.com');
INSERT INTO contacto (contacto_id, nombre, apellidos, empresa_Id, estatus_Id, email) VALUES (8, 'Daniel', 'Sánchez', 4, 4, 'daniel.sanchez@empresa4.com');
INSERT INTO contacto (contacto_id, nombre, apellidos, empresa_Id, estatus_Id, email) VALUES (9, 'Valentina', 'Fernández', 5, 5, 'valentina.fernandez@empresa5.com');
INSERT INTO contacto (contacto_id, nombre, apellidos, empresa_Id, estatus_Id, email) VALUES (10, 'Diego', 'Ramírez', 5, 5, 'diego.ramirez@empresa5.com');
INSERT INTO contacto (contacto_id, nombre, apellidos, empresa_Id, estatus_Id, email) VALUES (11, 'Andrea', 'Díaz', 6, 6, 'andrea.diaz@empresa6.com');
INSERT INTO contacto (contacto_id, nombre, apellidos, empresa_Id, estatus_Id, email) VALUES (12, 'José', 'Mendoza', 6, 6, 'jose.mendoza@empresa6.com');
INSERT INTO contacto (contacto_id, nombre, apellidos, empresa_Id, estatus_Id, email) VALUES (13, 'Sara', 'Ruiz', 7, 7, 'sara.ruiz@empresa7.com');
INSERT INTO contacto (contacto_id, nombre, apellidos, empresa_Id, estatus_Id, email) VALUES (14, 'Miguel', 'Torres', 7, 7, 'miguel.torres@empresa7.com');
INSERT INTO contacto (contacto_id, nombre, apellidos, empresa_Id, estatus_Id, email) VALUES (15, 'Lucía', 'Núñez', 8, 8, 'lucia.nunez@empresa8.com');
INSERT INTO contacto (contacto_id, nombre, apellidos, empresa_Id, estatus_Id, email) VALUES (16, 'Sergio', 'González', 8, 8, 'sergio.gonzalez@empresa8.com');
INSERT INTO contacto (contacto_id, nombre, apellidos, empresa_Id, estatus_Id, email) VALUES (17, 'Paula', 'Jiménez', 9, 9, 'paula.jimenez@empresa9.com');
INSERT INTO contacto (contacto_id, nombre, apellidos, empresa_Id, estatus_Id, email) VALUES (18, 'David', 'Ortega', 9, 9, 'david.ortega@empresa9.com');
